Workbook

Sheet Nifty15m
A1: time | B1: open | C1: high | D1: low | E1: close | F1: TR(35) | G1: WilderATR14(35) | H1: Month | I1: Bars(5m)
A2: 2026-05-27T09:30 | B2: 23883.1 | C2: 23919.05 | D2: 23874.95 | E2: 23908.3 | F2: =C2-D2 -> 44.1 | H2: =LEFT(A2,7) -> 2026-05 | I2: 2 | L2: Market mood | M2: 5-min unit | N2: 15-min unit | O2: When
A3: 2026-05-27T09:45 | B3: 23908.6 | C3: 23909.65 | D3: 23871.3 | E3: 23874.95 | F3: =MAX(C3-D3,ABS(C3-E2),ABS(D3-E2)) -> 38.35 | H3: =LEFT(A3,7) -> 2026-05 | I3: 3 | L3: Quiet | M3: 14 | N3: 24 | O3: ATR well below normal, VIX low (like August)
A4: 2026-05-27T10:00 | B4: 23874.75 | C4: 23946.4 | D4: 23868.5 | E4: 23943.25 | F4: =MAX(C4-D4,ABS(C4-E3),ABS(D4-E3)) -> 77.9 | H4: =LEFT(A4,7) -> 2026-05 | I4: 3 | L4: Normal | M4: 18 | N4: 31 | O4: Your baseline
A5: 2026-05-27T10:15 | B5: 23942.8 | C5: 23971 | D5: 23934.7 | E5: 23963.2 | F5: =MAX(C5-D5,ABS(C5-E4),ABS(D5-E4)) -> 36.3 | H5: =LEFT(A5,7) -> 2026-05 | I5: 3 | L5: Busy | M5: 22 | N5: 39 | O5: ATR high, VIX rising, event days (like June)
A6: 2026-05-27T10:30 | B6: 23963.4 | C6: 23971.05 | D6: 23934.45 | E6: 23935.95 | F6: =MAX(C6-D6,ABS(C6-E5),ABS(D6-E5)) -> 36.6 | H6: =LEFT(A6,7) -> 2026-05 | I6: 3
A7: 2026-05-27T10:45 | B7: 23936.2 | C7: 23976.4 | D7: 23918.9 | E7: 23966.95 | F7: =MAX(C7-D7,ABS(C7-E6),ABS(D7-E6)) -> 57.5 | H7: =LEFT(A7,7) -> 2026-05 | I7: 3 | L7: Measure (09:22–15:00 window) | M7: 5-min | N7: 15-min
A8: 2026-05-27T11:00 | B8: 23968.25 | C8: 23973.2 | D8: 23950.7 | E8: 23961.95 | F8: =MAX(C8-D8,ABS(C8-E7),ABS(D8-E7)) -> 22.5 | H8: =LEFT(A8,7) -> 2026-05 | I8: 3 | L8: Average candle | M8: 17.5 | N8: 30.4
A9: 2026-05-27T11:15 | B9: 23961.9 | C9: 23981.25 | D9: 23959 | E9: 23974.9 | F9: =MAX(C9-D9,ABS(C9-E8),ABS(D9-E8)) -> 22.25 | H9: =LEFT(A9,7) -> 2026-05 | I9: 3 | L9: Typical (median) candle | M9: 15.3 | N9: 26.5
A10: 2026-05-27T11:30 | B10: 23974.65 | C10: 23983.2 | D10: 23947 | E10: 23954.3 | F10: =MAX(C10-D10,ABS(C10-E9),ABS(D10-E9)) -> 36.2 | H10: =LEFT(A10,7) -> 2026-05 | I10: 3 | L10: Big candle (80th percentile) | M10: 22.8 | N10: 38.8
A11: 2026-05-27T11:45 | B11: 23953.5 | C11: 23963.6 | D11: 23928.75 | E11: 23934.05 | F11: =MAX(C11-D11,ABS(C11-E10),ABS(D11-E10)) -> 34.85 | H11: =LEFT(A11,7) -> 2026-05 | I11: 3 | L11: June avg | M11: 21.8 | N11: 38.5
A12: 2026-05-27T12:00 | B12: 23933.5 | C12: 23941.75 | D12: 23918.35 | E12: 23921.9 | F12: =MAX(C12-D12,ABS(C12-E11),ABS(D12-E11)) -> 23.4 | H12: =LEFT(A12,7) -> 2026-05 | I12: 3 | L12: July avg | M12: 17.8 | N12: 30.6
A13: 2026-05-27T12:15 | B13: 23922.55 | C13: 23940.85 | D13: 23905.15 | E13: 23906.45 | F13: =MAX(C13-D13,ABS(C13-E12),ABS(D13-E12)) -> 35.7 | H13: =LEFT(A13,7) -> 2026-05 | I13: 3 | L13: August avg | M13: 14.3 | N13: 24.1
A14: 2026-05-27T12:30 | B14: 23906.3 | C14: 23938.3 | D14: 23902.45 | E14: 23936.3 | F14: =MAX(C14-D14,ABS(C14-E13),ABS(D14-E13)) -> 35.85 | H14: =LEFT(A14,7) -> 2026-05 | I14: 3 | L14: September avg | M14: 15.9 | N14: 27.9
A15: 2026-05-27T12:45 | B15: 23936.1 | C15: 23936.35 | D15: 23904.05 | E15: 23905.25 | F15: =MAX(C15-D15,ABS(C15-E14),ABS(D15-E14)) -> 32.3 | G15: =AVERAGE(F2:F15) -> 38.128571 | H15: =LEFT(A15,7) -> 2026-05 | I15: 3
A16: 2026-05-27T13:00 | B16: 23905.6 | C16: 23923.45 | D16: 23895 | E16: 23898.15 | F16: =MAX(C16-D16,ABS(C16-E15),ABS(D16-E15)) -> 28.45 | G16: =(G15*13+F16)/14 -> 37.437245 | H16: =LEFT(A16,7) -> 2026-05 | I16: 3 | L16: Month | M16: 5m Avg TR (all) | N16: 15m Avg TR (all) | O16: 5m Avg TR (excl 09:15) | P16: 15m Avg TR (excl 09:15) | Q16: 5m Avg Wilder ATR | R16: 15m Avg Wilder ATR | S16: 5m ATR month-end | T16: 15m ATR month-end
A17: 2026-05-27T13:15 | B17: 23897.15 | C17: 23905.3 | D17: 23884.15 | E17: 23892.3 | F17: =MAX(C17-D17,ABS(C17-E16),ABS(D17-E16)) -> 21.15 | G17: =(G16*13+F17)/14 -> 36.27387 | H17: =LEFT(A17,7) -> 2026-05 | I17: 3 | L17: June | M17: 24 | N17: 44 | O17: 22.3 | P17: 39.4 | Q17: 24.1 | R17: 44.3 | S17: 28.3 | T17: 48.1
A18: 2026-05-27T13:30 | B18: 23892.05 | C18: 23915.15 | D18: 23890.15 | E18: 23891.55 | F18: =MAX(C18-D18,ABS(C18-E17),ABS(D18-E17)) -> 25 | G18: =(G17*13+F18)/14 -> 35.468594 | H18: =LEFT(A18,7) -> 2026-05 | I18: 3 | L18: July | M18: 19.6 | N18: 35.3 | O18: 18.1 | P18: 31 | Q18: 19.7 | R18: 35.7 | S18: 14.9 | T18: 27.9
A19: 2026-05-27T13:45 | B19: 23891.25 | C19: 23916.35 | D19: 23882.05 | E19: 23912.5 | F19: =MAX(C19-D19,ABS(C19-E18),ABS(D19-E18)) -> 34.3 | G19: =(G18*13+F19)/14 -> 35.385123 | H19: =LEFT(A19,7) -> 2026-05 | I19: 3 | L19: August | M19: 15.8 | N19: 27.7 | O19: 14.6 | P19: 24.5 | Q19: 15.7 | R19: 27.7 | S19: 19.7 | T19: 29.7
A20: 2026-05-27T14:00 | B20: 23912.3 | C20: 23924.1 | D20: 23894.45 | E20: 23896 | F20: =MAX(C20-D20,ABS(C20-E19),ABS(D20-E19)) -> 29.65 | G20: =(G19*13+F20)/14 -> 34.975471 | H20: =LEFT(A20,7) -> 2026-05 | I20: 3 | L20: September* | M20: 17.3 | N20: 31.3 | O20: 16.1 | P20: 28.1 | Q20: 17.4 | R20: 31.5 | S20: 12.9 | T20: 23.9
A21: 2026-05-27T14:15 | B21: 23895.95 | C21: 23922.25 | D21: 23884.5 | E21: 23890.35 | F21: =MAX(C21-D21,ABS(C21-E20),ABS(D21-E20)) -> 37.75 | G21: =(G20*13+F21)/14 -> 35.173652 | H21: =LEFT(A21,7) -> 2026-05 | I21: 3 | K21: Except first candle and before 3 pm, Anything beyond about 23 (5m) or 39 (15m) in one candle is a genuinely large mov
A22: 2026-05-27T14:30 | B22: 23890.25 | C22: 23890.25 | D22: 23858.25 | E22: 23875.05 | F22: =MAX(C22-D22,ABS(C22-E21),ABS(D22-E21)) -> 32.1 | G22: =(G21*13+F22)/14 -> 34.954105 | H22: =LEFT(A22,7) -> 2026-05 | I22: 3
A23: 2026-05-27T14:45 | B23: 23875.4 | C23: 23901.05 | D23: 23866.95 | E23: 23896.55 | F23: =MAX(C23-D23,ABS(C23-E22),ABS(D23-E22)) -> 34.1 | G23: =(G22*13+F23)/14 -> 34.893098 | H23: =LEFT(A23,7) -> 2026-05 | I23: 3
A24: 2026-05-27T15:00 | B24: 23896.75 | C24: 23906.45 | D24: 23879.15 | E24: 23902.8 | F24: =MAX(C24-D24,ABS(C24-E23),ABS(D24-E23)) -> 27.3 | G24: =(G23*13+F24)/14 -> 34.350734 | H24: =LEFT(A24,7) -> 2026-05 | I24: 3
A25: 2026-05-27T15:15 | B25: 23903.8 | C25: 23926.85 | D25: 23902.5 | E25: 23921.6 | F25: =MAX(C25-D25,ABS(C25-E24),ABS(D25-E24)) -> 24.35 | G25: =(G24*13+F25)/14 -> 33.636396 | H25: =LEFT(A25,7) -> 2026-05 | I25: 3
A26: 2026-05-29T09:15 | B26: 23903.45 | C26: 24002.8 | D26: 23889.15 | E26: 23893.4 | F26: =MAX(C26-D26,ABS(C26-E25),ABS(D26-E25)) -> 113.65 | G26: =(G25*13+F26)/14 -> 39.351653 | H26: =LEFT(A26,7) -> 2026-05 | I26: 3
A27: 2026-05-29T09:30 | B27: 23892.2 | C27: 23933.85 | D27: 23872.6 | E27: 23875.75 | F27: =MAX(C27-D27,ABS(C27-E26),ABS(D27-E26)) -> 61.25 | G27: =(G26*13+F27)/14 -> 40.915821 | H27: =LEFT(A27,7) -> 2026-05 | I27: 3
A28: 2026-05-29T09:45 | B28: 23875.8 | C28: 23922.8 | D28: 23871.1 | E28: 23907.45 | F28: =MAX(C28-D28,ABS(C28-E27),ABS(D28-E27)) -> 51.7 | G28: =(G27*13+F28)/14 -> 41.686119 | H28: =LEFT(A28,7) -> 2026-05 | I28: 3
A29: 2026-05-29T10:00 | B29: 23906.7 | C29: 23954.5 | D29: 23894.75 | E29: 23945.7 | F29: =MAX(C29-D29,ABS(C29-E28),ABS(D29-E28)) -> 59.75 | G29: =(G28*13+F29)/14 -> 42.976396 | H29: =LEFT(A29,7) -> 2026-05 | I29: 3
A30: 2026-05-29T10:15 | B30: 23946.1 | C30: 23951.9 | D30: 23908.95 | E30: 23911.65 | F30: =MAX(C30-D30,ABS(C30-E29),ABS(D30-E29)) -> 42.95 | G30: =(G29*13+F30)/14 -> 42.974511 | H30: =LEFT(A30,7) -> 2026-05 | I30: 3
A31: 2026-05-29T10:30 | B31: 23911.2 | C31: 23929.65 | D31: 23900.45 | E31: 23900.65 | F31: =MAX(C31-D31,ABS(C31-E30),ABS(D31-E30)) -> 29.2 | G31: =(G30*13+F31)/14 -> 41.990617 | H31: =LEFT(A31,7) -> 2026-05 | I31: 3
A32: 2026-05-29T10:45 | B32: 23900.9 | C32: 23907.8 | D32: 23877.65 | E32: 23903.1 | F32: =MAX(C32-D32,ABS(C32-E31),ABS(D32-E31)) -> 30.15 | G32: =(G31*13+F32)/14 -> 41.144859 | H32: =LEFT(A32,7) -> 2026-05 | I32: 3
A33: 2026-05-29T11:00 | B33: 23902.8 | C33: 23912.7 | D33: 23892.75 | E33: 23896.85 | F33: =MAX(C33-D33,ABS(C33-E32),ABS(D33-E32)) -> 19.95 | G33: =(G32*13+F33)/14 -> 39.63094 | H33: =LEFT(A33,7) -> 2026-05 | I33: 3
... A2038: 2026-09-23T15:00 | B2038: 23422.55 | C2038: 23435.15 | D2038: 23408.4 | E2038: 23432.15 | F2038: =MAX(C2038-D2038,ABS(C2038-E2037),ABS(D2038-E2037)) -> 26.75 | G2038: =(G2037*13+F2038)/14 -> 23.940312 | H2038: =LEFT(A2038,7) -> 2026-09 | I2038: 3

Sheet Monthly
A1: Month | B1: Avg TR (all) | C1: Avg TR (excl 09:15) | D1: Avg Wilder ATR
A2: 2026-06 | B2: =AVERAGEIF(Nifty15m!H:H,A2,Nifty15m!F:F) -> 43.999905 | C2: =AVERAGEIFS(Nifty15m!F:F,Nifty15m!H:H,A2,Nifty15m!A:A,"<>*T09:15") -> 39.359325 | D2: =AVERAGEIF(Nifty15m!H:H,A2,Nifty15m!G:G) -> 44.275981
A3: 2026-07 | B3: =AVERAGEIF(Nifty15m!H:H,A3,Nifty15m!F:F) -> 35.258261 | C3: =AVERAGEIFS(Nifty15m!F:F,Nifty15m!H:H,A3,Nifty15m!A:A,"<>*T09:15") -> 30.979257 | D3: =AVERAGEIF(Nifty15m!H:H,A3,Nifty15m!G:G) -> 35.714861
A4: 2026-08 | B4: =AVERAGEIF(Nifty15m!H:H,A4,Nifty15m!F:F) -> 27.719643 | C4: =AVERAGEIFS(Nifty15m!F:F,Nifty15m!H:H,A4,Nifty15m!A:A,"<>*T09:15") -> 24.505383 | D4: =AVERAGEIF(Nifty15m!H:H,A4,Nifty15m!G:G) -> 27.674623
A5: 2026-09 | B5: =AVERAGEIF(Nifty15m!H:H,A5,Nifty15m!F:F) -> 31.268359 | C5: =AVERAGEIFS(Nifty15m!F:F,Nifty15m!H:H,A5,Nifty15m!A:A,"<>*T09:15") -> 28.051902 | D5: =AVERAGEIF(Nifty15m!H:H,A5,Nifty15m!G:G) -> 31.462409

Sheet Sheet1
B6: Month | C6: 5m Avg TR (all) | D6: 15m Avg TR (all) | E6: 5m Avg TR (excl 09:15) | F6: 15m Avg TR (excl 09:15) | G6: 5m Avg Wilder ATR | H6: 15m Avg Wilder ATR
B7: June | C7: 24 | D7: 44 | E7: 22.3 | F7: 39.4 | G7: 24.1 | H7: 44.3
B8: July | C8: 19.6 | D8: 35.3 | E8: 18.1 | F8: 31 | G8: 19.7 | H8: 35.7
B9: August | C9: 15.8 | D9: 27.7 | E9: 14.6 | F9: 24.5 | G9: 15.7 | H9: 27.7
B10: September* | C10: 17.3 | D10: 31.3 | E10: 16.1 | F10: 28.1 | G10: 17.4 | H10: 31.5
G12: 19 | H12: 35
